Factory,Orders,Avg_Lead_Time,Delay_Rate,Sales,Profit
Lot's O' Nuts,5692,1321.2287420941673,1.0,76340.15000000001,52771.05
Secret Factory,217,1321.8709677419354,1.0,8587.5,4344.7
Sugar Shack,33,1340.030303030303,1.0,220.98,121.23
The Other Factory,100,1280.28,1.0,1282.25,152.25
Wicked Choccy's,4152,1321.0821290944123,1.0,55352.75,36053.57
