Region,Orders,Avg_Lead_Time,Delay_Rate,Sales
Atlantic,2986,1322.7451440053583,1.0,41197.24
Gulf,1620,1311.3746913580246,1.0,22247.260000000002
Interior,2335,1323.0912205567452,1.0,32037.600000000002
Pacific,3253,1322.194897018137,1.0,46301.53
